10DayAverageTradingVolume,10 Day Average Trading Volume
13WeekPriceReturnDaily,13 Week Price Return (Daily)
26WeekPriceReturnDaily,26 Week Price Return (Daily)
3MonthAverageTradingVolume,3 Month Average Trading Volume
52WeekHigh,52 Week High
52WeekHighDate,52 Week High Date
52WeekLow,52 Week Low
52WeekLowDate,52 Week Low Date
52WeekPriceReturnDaily,52 Week Price Return (Daily)
5DayPriceReturnDaily,5 Day Price Return (Daily)
assetTurnoverAnnual,Asset Turnover (Annual)
assetTurnoverTTM,Asset Turnover (TTM)
beta,Beta
bookValuePerShareAnnual,Book Value (Per Share Annual)
bookValuePerShareQuarterly,Book Value (Per Share Quarterly)
bookValueShareGrowth5Y,Book Value Growth Rate (Per Share 5Y)
capitalSpendingGrowth5Y,Capital Spending growth rate 5 year
cashFlowPerShareAnnual,Cash Flow (Per Share Annual)
cashFlowPerShareTTM,Cash Flow (Per Share TTM)
cashPerSharePerShareAnnual,Cash Per Share (Per Share Annual)
cashPerSharePerShareQuarterly,Cash Per Share (Per Share Quarterly)
currentDividendYieldTTM,Current Dividend Yield (TTM)
currentEv/freeCashFlowAnnual,Current EV/Free Cash Flow (Annual)
currentEv/freeCashFlowTTM,Current EV/Free Cash Flow (TTM)
currentRatioAnnual,Current Ratio (Annual)
currentRatioQuarterly,Current Ratio (Quarterly)
dilutedEpsExclExtraTTM,Diluted Normalized EPS excl. Extra Items (TTM)
dividendGrowthRate5Y,Dividend Growth Rate (3Y)
dividendPerShare5Y,Dividend (Per Share 5Y)
dividendPerShareAnnual,Dividend (Per Share Annual)
dividendsPerShareTTM,Dividends (Per Share TTM)
dividendYield5Y,Dividend Yield (5Y)
dividendYieldIndicatedAnnual,Dividend Yield
ebitdaCagr5Y,EBITDA CAGR (5Y)
ebitdaInterimCagr5Y,EBITDA Interim CAGR (5Y)
ebitdAnnual,EBITD (Annual)
ebitdPerShareTTM,EBITD (Per Share TTM)
ebitdTTM,EBITD (TTM)
ebtAnnual,Earnings Before Taxes (Annual)
ebtNormalizedAnnual,Earnings Before Taxes Normalized (Annual)
ebtTTM,Earnings Before Taxes (TTM)
epsBasicExclExtraItemsAnnual,EPS Basic excl. Extra Items (Annual)
epsBasicExclExtraItemsTTM,EPS Basic excl. Extra Items (TTM)
epsExclExtraItemsAnnual,EPS excl. Extra Items (Annual)
epsExclExtraItemsTTM,EPS excl. Extra Items (TTM)
epsGrowth3Y,EPS Growth Rate (3Y)
epsGrowth5Y,EPS Growth Rate (5Y)
epsGrowthQuarterlyYoy,EPS Growth (Quarterly YoY)
epsGrowthTTMYoy,EPS Growth (TTM YoY)
epsInclExtraItemsAnnual,EPS incl. Extra Items (Annual)
epsInclExtraItemsTTM,EPS incl. Extra Items (TTM)
epsNormalizedAnnual,EPS Normalized (Annual)
focfCagr5Y,Free Operating Cash Flow CAGR (5Y)
freeCashFlowAnnual,Free Cash Flow (Annual)
freeCashFlowPerShareTTM,Free Cash Flow (Per Share TTM)
freeCashFlowTTM,Free Cash Flow (TTM)
freeOperatingCashFlow/revenue5Y,Free Operating Cash Flow/Revenue (5Y)
freeOperatingCashFlow/revenueTTM,Free Operating Cash Flow/Revenue (TTM)
grossMargin5Y,Gross Margin (5Y)
grossMarginAnnual,Gross Margin (Annual)
grossMarginTTM,Gross Margin (TTM)
inventoryTurnoverAnnual,Inventory Turnover (Annual)
inventoryTurnoverTTM,Inventory Turnover (TTM)
longTermDebt/equityAnnual,Long Term Debt/Equity (Annual)
longTermDebt/equityQuarterly,Long Term Debt/Equity (Quarterly)
marketCapitalization,Market Capitalization
monthToDatePriceReturnDaily,Month to Date Price Return (Daily)
netDebtAnnual,Net Debt (Annual)
netDebtInterim,Net Debt (Interim)
netIncomeCommonAnnual,Net Income to Common (Annual)
netIncomeCommonNormalizedAnnual,Net Income Available to Common Normalized (Annual)
netIncomeCommonTTM,Net Income to Common (TTM)
netIncomeEmployeeAnnual,Net Income/Employee (Annual)
netIncomeEmployeeTTM,Net Income/Employee (TTM)
netInterestCoverageAnnual,Net Interest coverage (Annual)
netInterestCoverageTTM,Net Interest Coverage (TTM)
netMarginGrowth5Y,Net Profit Margin Growth Rate (5Y)
netProfitMargin%Annual,Net Profit Margin % (Annual)
netProfitMargin5Y,Net Profit Margin (5Y)
netProfitMarginTTM,Net Profit Margin (TTM)
operatingMargin5Y,Operating Margin (5Y)
operatingMarginAnnual,Operating Margin (Annual)
operatingMarginTTM,Operating Margin (TTM)
payoutRatioAnnual,Payout Ratio (Annual)
payoutRatioTTM,Payout Ratio (TTM)
pbAnnual,Price to Book (Annual)
pbQuarterly,Price to Book (Quarterly)
pcfShareTTM,Price to Cash Flow (Per Share TTM)
peBasicExclExtraTTM,P/E Basic excl. Extra Items (TTM)
peExclExtraAnnual,P/E excl. Extra Items (Annual)
peExclExtraHighTTM,P/E excl. Extra Items High (TTM)
peExclExtraTTM,P/E excl. Extra Items (TTM)
peExclLowTTM,P/E excl. Extra Items Low (TTM)
peInclExtraTTM,P/E incl. Extra Items (TTM)
peNormalizedAnnual,P/E Normalized (Annual)
pfcfShareAnnual,Price to Free Cash Flow (Per Share Annual)
pfcfShareTTM,Price to Free Cash Flow (Per Share TTM)
pretaxMargin5Y,Pretax Margin (5Y)
pretaxMarginAnnual,Pretax Margin (Annual)
pretaxMarginTTM,Pretax Margin (TTM)
priceRelativeToS&P50013Week,Price Relative to S&P500 (13 Week)
priceRelativeToS&P50026Week,Price Relative to S&P500 (26 Week)
priceRelativeToS&P5004Week,Price Relative to S&P500 (4 Week)
priceRelativeToS&P50052Week,Price Relative to S&P500 (52 Week)
priceRelativeToS&P500Ytd,Price Relative to S&P500 (YTD)
psAnnual,Price to sales (Annual)
psTTM,Price to sales (TTM)
ptbvAnnual,Price to Tangible Book (Annual)
ptbvQuarterly,Price to Tangible Book (Quarterly)
quickRatioAnnual,Quick Ratio (Annual)
quickRatioQuarterly,Quick Ratio (Quarterly)
receivablesTurnoverAnnual,Receivables Turnover (Annual)
receivablesTurnoverTTM,Receivables Turnover (TTM)
revenueAnnual,Revenue (Annual)
revenueEmployeeAnnual,Revenue/Employee (Annual)
revenueEmployeeTTM,Revenue/Employee (TTM)
revenueGrowth3Y,Revenue Growth Rate (3Y)
revenueGrowth5Y,Revenue Growth Rate (5Y)
revenueGrowthQuarterlyYoy,Revenue Growth (Quarterly YoY)
revenueGrowthTTMYoy,Revenue Growth (TTM YoY)
revenuePerShareAnnual,Revenue per Share (Annual)
revenuePerShareTTM,Revenue per Share (TTM)
revenueShareGrowth5Y,Revenue Growth (Per Share 5Y)
revenueTTM,Revenue (TTM)
roaa5Y,Return on Average Assets (5Y)
roae5Y,Return on Average Equity (5Y)
roaeTTM,Return on Average equity (TTM)
roaRfy,Return on Assets (Annual)
roeRfy,Return on Average Equity (Annual)
roeTTM,Return on Equity (TTM)
roi5Y,Return on Investment (5Y)
roiAnnual,Return on Investment (Annual)
roiTTM,Return on Investment (TTM)
tangibleBookValuePerShareAnnual,Tangible Book Value (Per Share Annual)
tangibleBookValuePerShareQuarterly,Tangible Book Value (Per Share Quarterly)
tbvCagr5Y,Tangible Book Value Total Equity CAGR (5Y)
totalDebt/totalEquityAnnual,Total Debt/Total Equity (Annual)
totalDebt/totalEquityQuarterly,Total Debt/Total Equity (Quarterly)
totalDebtCagr5Y,Total Debt CAGR (5Y)
yearToDatePriceReturnDaily,Year To Date Price Return (Daily)